<?xml version="1.0" encoding="utf-8"?>
<changelog>
    <release version="1.28.0" date="2018-03-12">
        <change>Improvement - better backend workflow for all our themes</change>
    </release>
    <release version="1.27.2" date="2018-02-07">
        <change>Improvement - better backend workflow for all our themes</change>
    </release>
    <release version="1.27.1" date="2018-01-30">
        <change>Improvement - better backend workflow for all our themes</change>
    </release>
    <release version="1.27.0" date="2018-01-29">
        <change>Improvement - better backend workflow for all our themes</change>
    </release>
    <release version="1.26.0" date="2017-12-05">
        <change>Improvement - better backend workflow for all our themes</change>
    </release>
    <release version="1.25.0" date="2017-11-14">
        <change>Improvement - better backend workflow for all our themes</change>
    </release>
    <release version="1.24.0" date="2017-10-24">
        <change>Improvement - better backend workflow for all our themes</change>
    </release>
    <release version="1.23.0" date="2017-09-11">
        <change>Improvement - better backend workflow for all our themes</change>
    </release>
    <release version="1.22.1" date="2017-08-07">
        <change>Improvement - better backend workflow for all our themes</change>
    </release>
    <release version="1.22.0" date="2017-08-30">
        <change>Improvement - better backend workflow for all our themes</change>
    </release>
    <release version="1.21.0" date="2017-08-11">
        <change>Improvement - better backend workflow for all our themes</change>
    </release>
    <release version="1.20.6" date="2017-08-08">
        <change>Improvement - better backend workflow for all our themes</change>
    </release>
    <release version="1.20.5" date="2017-08-08">
        <change>Improvement - better backend workflow for all our themes</change>
    </release>
    <release version="1.20.4" date="2017-07-07">
        <change>Improvement - better backend workflow for all our themes</change>
    </release>
    <release version="1.20.3" date="2017-07-04">
        <change>Improvement - better backend workflow for all our themes</change>
    </release>
    <release version="1.20.1" date="2017-06-28">
        <change>Improvement - better backend workflow for all our themes</change>
    </release>
    <release version="1.20.0" date="2017-06-27">
        <change>Improvement - better backend workflow for all our themes</change>
    </release>
    <release version="1.10.0" date="2017-05-31">
        <change>Improvement - better backend workflow for all our themes</change>
    </release>
    <release version="1.9.77" date="2017-05-23">
        <change>Improvement - better backend workflow for all our themes</change>
    </release>
    <release version="1.9.76" date="2017-05-17">
        <change>Improvement - better backend workflow for all our themes</change>
    </release>
    <release version="1.9.75" date="2017-05-09">
        <change>Improvement - better backend workflow for all our themes</change>
    </release>
    <release version="1.9.74" date="2017-04-19">
        <change>Improvement - better backend workflow for all our themes</change>
    </release>
    <release version="1.9.73" date="2017-04-12">
        <change>Improvement - better backend workflow for all our themes</change>
    </release>
    <release version="1.9.72" date="2017-03-29">
        <change>Improvement - better backend workflow for all our themes</change>
    </release>
    <release version="1.9.71" date="2017-03-20">
        <change>Improvement - better backend workflow for all our themes</change>
    </release>
    <release version="1.9.70" date="2017-03-15">
        <change>Improvement - better backend workflow for all our themes</change>
    </release>
    <release version="1.9.69" date="2017-03-08">
        <change>Improvement - better backend workflow for all our themes</change>
    </release>
    <release version="1.9.68" date="2017-03-01">
        <change>Improvement - better backend workflow for all our themes</change>
    </release>
    <release version="1.9.67" date="2017-02-21">
        <change>Improvement - better backend workflow for all our themes</change>
    </release>
    <release version="1.9.66" date="2017-02-14">
        <change>Improvement - better backend workflow for all our themes</change>
    </release>
    <release version="1.9.65" date="2017-02-06">
        <change>Improvement - better backend workflow for all our themes</change>
    </release>
    <release version="1.9.64" date="2017-02-02">
        <change>Improvement - better backend workflow for all our themes</change>
    </release>
    <release version="1.9.63" date="2017-01-27">
        <change>Improvement - better backend workflow for all our themes</change>
    </release>
    <release version="1.9.61" date="2017-01-25">
        <change>Improvement - better backend workflow for all our themes</change>
    </release>
    <release version="1.9.59" date="2017-01-24">
        <change>Improvement - better backend workflow for all our themes</change>
    </release>
    <release version="1.9.58" date="2017-01-23">
        <change>Improvement - better backend workflow for all our themes</change>
    </release>
    <release version="1.9.57" date="2017-01-18">
        <change>Improvement - better backend workflow for all our themes</change>
    </release>
    <release version="1.9.56" date="2017-01-18">
        <change>Improvement - better backend workflow for all our themes</change>
    </release>
    <release version="1.9.55" date="2017-01-18">
        <change>Improvement - better backend workflow for all our themes</change>
    </release>
    <release version="1.9.54" date="2017-01-18">
        <change>Improvement - better backend workflow for all our themes</change>
    </release>
    <release version="1.9.53" date="2017-01-18">
        <change>Improvement - better backend workflow for all our themes</change>
    </release>
    <release version="1.9.52" date="2017-01-17">
        <change>Improvement - better backend workflow for all our themes</change>
    </release>
    <release version="1.9.51" date="2017-01-10">
        <change>Improvement - better backend workflow for all our themes</change>
    </release>
    <release version="1.9.50" date="2017-01-09">
        <change>Improvement - better backend workflow for all our themes</change>
    </release>
    <release version="1.9.49" date="2017-01-03">
        <change>Improvement - better backend workflow for all our themes</change>
    </release>
    <release version="1.9.48" date="2017-01-02">
        <change>Improvement - better backend workflow for all our themes</change>
    </release>
    <release version="1.9.47" date="2016-12-26">
        <change>Improvement - better backend workflow for all our themes</change>
    </release>
    <release version="1.9.46" date="2016-12-21">
        <change>Improvement - better backend workflow for all our themes</change>
    </release>
    <release version="1.9.45" date="2016-12-20">
        <change>Improvement - better backend workflow for all our themes</change>
    </release>
    <release version="1.9.43" date="2016-12-19">
        <change>Improvement - better backend workflow for all our themes</change>
    </release>
    <release version="1.9.42" date="2016-12-15">
        <change>Improvement - better backend workflow for all our themes</change>
    </release>
    <release version="1.9.41" date="2016-12-11">
        <change>Improvement - better backend workflow for all our themes</change>
    </release>
    <release version="1.9.40" date="2016-12-10">
        <change>Improvement - better backend workflow for all our themes</change>
    </release>
    <release version="1.9.31" date="2016-11-18">
        <change>Improvement - better backend workflow for all our themes</change>
    </release>
    <release version="1.9.30" date="2016-11-16">
        <change>Improvement - better backend workflow for all our themes</change>
    </release>
    <release version="1.9.19" date="2016-08-23">
        <change>Improvement - better backend workflow for all our themes</change>
    </release>
    <release version="1.9.18" date="2016-08-23">
        <change>Improvement - better backend workflow for all our themes</change>
    </release>
    <release version="1.9.17" date="2016-05-31">
        <change>Improvement - better backend workflow for all our themes</change>
    </release>
    <release version="1.9.16" date="2016-05-30">
        <change>Improvement - better backend workflow for all our themes</change>
    </release>
    <release version="1.9.15" date="2016-05-30">
        <change>Improvement - better backend workflow for all our themes</change>
    </release>
    <release version="1.9.14" date="2016-05-16">
        <change>Improvement - better backend workflow for all our themes</change>
    </release>
    <release version="1.9.13" date="2016-04-29">
        <change>Improvement - better backend workflow for all our themes</change>
    </release>
    <release version="1.9.12" date="2016-04-28">
        <change>Improvement - conditional logic addition</change>
    </release>
    <release version="1.9.11" date="2016-04-26">
        <change>Improvement - better backend workflow for all our themes</change>
    </release>
    <release version="1.9.10" date="2016-04-25">
        <change>Improvement - better backend workflow for all our themes</change>
    </release>
    <release version="1.9.9" date="2016-04-25">
        <change>Improvement - better backend workflow for all our themes</change>
    </release>
    <release version="1.9.8" date="2016-04-25">
        <change>Improvement - better backend workflow for all our themes</change>
    </release>
    <release version="1.9.7" date="2016-04-20">
        <change>Improvement - better backend workflow for all our themes</change>
    </release>
    <release version="1.9.6" date="2016-04-19">
        <change>Improvement - better backend workflow for all our themes</change>
    </release>
    <release version="1.9.5" date="2016-04-19">
        <change>Improvement - better backend workflow for all our themes</change>
    </release>
    <release version="1.9.4" date="2016-04-19">
        <change>Improvement - better backend workflow for all our themes</change>
    </release>
    <release version="1.9.3" date="2016-04-19">
        <change>Improvement - better backend workflow for all our themes</change>
    </release>
    <release version="1.9.2" date="2016-04-16">
        <change>Additions for our new template Stig</change>
    </release>
    <release version="1.9.1" date="2016-04-13">
        <change>Additions for our new template Stig</change>
    </release>
    <release version="1.9.0" date="2016-04-12">
        <change>Additions for our new template Stig</change>
    </release>
    <release version="1.8.39" date="2016-04-11">
        <change>Options Saving Fix</change>
    </release>
    <release version="1.8.38" date="2016-04-08">
        <change>Menu item limit fix</change>
    </release>
    <release version="1.8.37" date="2016-04-08">
        <change>Menu item limit fix</change>
    </release>
    <release version="1.8.36" date="2016-04-05">
        <change>Enhanced saving and its faster now</change>
    </release>
    <release version="1.8.35" date="2016-04-01">
        <change>OnePage saving fixes</change>
        <change>Font awesome upgraded to version 4.5.0</change>
    </release>
    <release version="1.8.34" date="2016-03-23">
        <change>Options JS saving fix</change>
    </release>
    <release version="1.8.33" date="2016-03-23">
        <change>Menu JS saving fix</change>
    </release>
    <release version="1.8.32" date="2016-02-25">
        <change>Menu JS saving fix</change>
    </release>
    <release version="1.8.30" date="2016-02-24">
        <change>Font option fix</change>
    </release>
    <release version="1.8.29" date="2016-02-19">
        <change>Small changes to our Volar template</change>
    </release>
    <release version="1.8.28" date="2016-02-18">
        <change>Small changes to our Volar template</change>
    </release>
    <release version="1.8.27" date="2016-01-20">
        <change>Small changes to our Volar template</change>
    </release>
    <release version="1.8.26" date="2015-12-03">
        <change>Social email</change>
    </release>
    <release version="1.8.25" date="2015-10-16">
        <change>Social email</change>
    </release>
    <release version="1.8.24" date="2015-10-12">
        <change>Additioons for template bigstream</change>
    </release>
    <release version="1.8.23" date="2015-10-08">
        <change>Additioons for template bigstream</change>
    </release>
    <release version="1.8.22" date="2015-10-08">
        <change>Additioons for template bigstream</change>
    </release>
    <release version="1.8.21" date="2015-10-06">
        <change>WP Upgrader fix</change>
        <change>Additioons for template bigstream</change>
    </release>
    <release version="1.8.20" date="2015-09-14">
        <change>Small changes to our menu item limit fix plugin</change>
    </release>
    <release version="1.8.19" date="2015-09-03">
        <change>Small changes to our Wien template</change>
    </release>
    <release version="1.8.18" date="2015-08-31">
        <change>Small changes to our Wien template</change>
    </release>
    <release version="1.8.17" date="2015-08-27">
        <change>Small changes to our Fresh Sidebar Manager plugin</change>
    </release>
    <release version="1.8.16" date="2015-08-24">
        <change>Revision system applied to layouts</change>
    </release>
    <release version="1.8.15" date="2015-08-11">
        <change>Ghost Layouts are automatically deleted</change>
        <change>Fix for Fresh Custom Code plugin</change>
    </release>
    <release version="1.8.14" date="2015-08-10">
        <change>Ghost Layouts are automatically deleted</change>
        <change>Declaration of theme assets includer error</change>
    </release>
    <release version="1.8.13" date="2015-07-20">
        <change>Bugfix in conditional logic</change>
    </release>
    <release version="1.8.12" date="2015-07-07">
        <change>Bugfix in layout manager - emoji removed</change>
    </release>
    <release version="1.8.11" date="2015-07-02">
        <change>Bugfix in layout manager - image picker now works</change>
    </release>
    <release version="1.8.10" date="2015-06-29">
        <change>Bugfix in layout manager</change>
    </release>
    <release version="1.8.9" date="2015-06-28">
        <change>Bugfix in less variable parser</change>
    </release>
    <release version="1.8.8" date="2015-06-26">
        <change>Additions for new template Milo</change>
    </release>
    <release version="1.8.7" date="2015-06-17">
        <change>Bugfix in writepanels</change>
    </release>
    <release version="1.8.6" date="2015-05-22">
        <change>Faster options implemented</change>
    </release>
    <release version="1.8.5" date="2015-05-21">
        <change>Faster options implemented</change>
    </release>
    <release version="1.8.4" date="2015-05-18">
        <change>Better comatibility with older PHP versions - replaced anonymous function.</change>
    </release>
    <release version="1.8.3" date="2015-05-15">
        <change>Better comatibility with older PHP versions.</change>
    </release>
    <release version="1.8.2" date="2015-05-11">
        <change>Removed system-like files from bootstrap and less compiler</change>
    </release>
    <release version="1.8.1" date="2015-05-06">
        <change>Bugfix for Casanova Theme</change>
    </release>
    <release version="1.8.0" date="2015-04-30">
        <change>Cached options</change>
    </release>
    <release version="1.7.16" date="2015-04-09">
        <change>Conditional Logic with better explanation</change>
        <change>Better integration of revolution slider in options</change>
    </release>
    <release version="1.7.15" date="2015-04-02">
        <change>Additions for new template Casanova</change>
    </release>
    <release version="1.7.14" date="2015-03-27">
        <change>Cached options</change>
    </release>
    <release version="1.7.13" date="2015-03-26">
        <change>Cached options</change>
    </release>
    <release version="1.7.12" date="2015-03-21">
        <change>Fixed get image size problem</change>
    </release>
    <release version="1.7.11" date="2015-03-19">
        <change>Additions for new template Bigstream</change>
    </release>
    <release version="1.7.10" date="2015-03-19">
        <change>Additions for new template Bigstream</change>
    </release>
    <release version="1.7.9" date="2015-03-12">
        <change>Additions for new template Bigstream</change>
    </release>
    <release version="1.7.8" date="2015-03-12">
        <change>Additions for new template Bigstream</change>
    </release>
    <release version="1.7.7" date="2015-03-12">
        <change>Fixed theme options bug - calling uninitialized datepicker</change>
    </release>
    <release version="1.7.6" date="2015-03-10">
        <change>Additions for new template Bigstream</change>
    </release>
    <release version="1.7.5" date="2015-03-06">
        <change>Fixed closing in section picker on ESC key</change>
        <change>Fixed search in icon picker</change>
    </release>
    <release version="1.7.0" date="2015-01-26">
        <change>Added tools for post metas</change>
    </release>
    <release version="1.6.9" date="2015-01-05">
        <change>Additions for custom code plugin</change>
    </release>
    <release version="1.6.8" date="2014-10-30">
        <change>Added Font Awesome 4</change>
        <change>Additions for new template Oxygen</change>
    </release>
	<release version="1.6.7" date="2014-10-13">
		<change>Bugfix - fix for options walker</change>
    </release>
	<release version="1.6.6" date="2014-10-08">
		<change>Bugfix - options can be empty now</change>
        <change>Additions for new template Oxygen</change>
    </release>
	<release version="1.6.5" date="2014-09-30">
        <change>Additions for new template Oxygen</change>
    </release>
	<release version="1.6.4" date="2014-09-29">
        <change>Additions for new template Oxygen</change>
    </release>
	<release version="1.6.3" date="2014-09-26">
        <change>Additions for new template Oxygen</change>
    </release>
	<release version="1.6.2" date="2014-09-26">
        <change>Additions for new template Oxygen</change>
    </release>
    <release version="1.6.1" date="2014-09-23">
        <change>Additions for new template Oxygen</change>
    </release>
    <release version="1.6.0" date="2014-09-04">
        <change>Additions for new template Oxygen</change>
    </release>
    <release version="1.5.3" date="2014-08-05">
        <change>Missing title in plugin update information</change>
        <change>Other small fixes</change>
    </release>
    <release version="1.5.2" date="2014-07-29">
        <change>Fixes for our Custom Code plugin</change>
    </release>
    <release version="1.5.1" date="2014-07-29">
        <change>Fixes for our Custom Code plugin</change>
    </release>
    <release version="1.5.0" date="2014-07-24">
        <change>Additions for our new Scrollbar plugin</change>
    </release>
    <release version="1.4.10" date="2014-07-18">
        <change>Layout fix for repeatable logic</change>
    </release>
    <release version="1.4.9" date="2014-07-11">
        <change>Layout fix for repeatable logic</change>
    </release>
    <release version="1.4.8" date="2014-07-09">
        <change>Page archive custom post added into conditional logic</change>
    </release>
    <release version="1.4.7" date="2014-07-04">
        <change>Problems with lightbox in sidebar manager WP admin fix</change>
    </release>
    <release version="1.4.6" date="2014-06-30">
        <change>Problems with HTTPS in WP admin fix</change>
    </release>
    <release version="1.4.5" date="2014-06-27">
        <change>Additions for our new Favicon plugin</change>
    </release>
    <release version="1.4.4" date="2014-06-24">
        <change>Bugfix - removing use tracy statement</change>
    </release>
    <release version="1.4.3" date="2014-06-09">
        <change>Bugfix - bootstrap.php was using a use statement</change>
    </release>
    <release version="1.4.2" date="2014-06-06">
        <change>Bugfix for Performance Cache minification - fixed another small problem</change>
    </release>
    <release version="1.4.1" date="2014-06-04">
        <change>Bugfix for Performance Cache minification</change>
    </release>
    <release version="1.4.0" date="2014-05-20">
        <change>Additions for our new File Editor plugin</change>
    </release>
    <release version="1.3.1" date="2014-05-20">
        <change>Bugfix and small additions related to our Fresh Sidebar Manager plugin</change>
    </release>
    <release version="1.3.0" date="2014-05-16">
        <change>Additions for our new Fresh Sidebar Manager plugin</change>
    </release>
    <release version="1.2.3" date="2014-05-12">
        <change>Error in class.ffConditionalLogicEvaluator.php on line 185 = fixed</change>
    </release>
    <release version="1.2.2" date="2014-05-12">
        <change>Fixes and improvements related to Custom Code plugin</change>
    </release>
    <release version="1.2.1" date="2014-05-11">
        <change>Fixes and improvements related to Custom Code plugin</change>
    </release>
    <release version="1.2.0" date="2014-05-09">
        <change>Additions for our new Custom Code plugin</change>
    </release>
    <release version="1.1.2" date="2014-03-05">
        <change>Version bump</change>
    </release>
    <release version="1.1.1" date="2014-03-05">
        <change>Credits added</change>
    </release>
    <release version="1.1.0" date="2014-03-05">
        <change>Added scssphp library</change>
        <change>Small change to microtime functions</change>
        <change>Better caching</change>
    </release>
    <release version="1.0.1" date="2014-03-04">
    	<change>Ability to add priority for hooks</change>
        <change>Ability to upload fonts in wp-admin</change>
        <change>Better management with ZIP files</change>
        <change>Added lessphp library</change>
        <change>PHP5.2 crashing</change>
        <change>Better cache management</change>
    </release>
    <release version="1.0.0" date="2014-02-28">
        <change>Initial release</change>
    </release>
</changelog>