<?xml version="1.0" encoding="utf-8"?>
<changelog>
    <release version="1.28.0" date="2018-03-12">
        <change>Improvements for Ark theme</change>
    </release>
    <release version="1.27.2" date="2018-02-07">
        <change>Improvements for Ark theme</change>
    </release>
    <release version="1.27.1" date="2018-01-30">
        <change>Improvements for Ark theme</change>
    </release>
    <release version="1.27.0" date="2018-01-29">
        <change>Improvements for Ark theme</change>
    </release>
    <release version="1.26.0" date="2017-12-05">
        <change>Improvements for Ark theme</change>
    </release>
    <release version="1.25.0" date="2017-11-14">
        <change>Improvements for Ark theme</change>
    </release>
    <release version="1.24.0" date="2017-10-24">
        <change>Improvements for Ark theme</change>
    </release>
    <release version="1.23.0" date="2017-10-04">
        <change>Improvements for Ark theme</change>
    </release>
    <release version="1.22.1" date="2017-09-07">
        <change>Improvements for Ark theme</change>
    </release>
    <release version="1.22.0" date="2017-08-30">
        <change>Improvements for Ark theme</change>
    </release>
    <release version="1.21.0" date="2017-08-11">
        <change>Improvements for Ark theme</change>
    </release>
    <release version="1.20.6" date="2017-08-08">
        <change>Improvements for Ark theme</change>
    </release>
    <release version="1.20.5" date="2017-08-08">
        <change>Improvements for Ark theme</change>
    </release>
    <release version="1.20.4" date="2017-07-07">
        <change>Improvements for Ark theme</change>
    </release>
    <release version="1.20.3" date="2017-07-04">
        <change>Improvements for Ark theme</change>
    </release>
    <release version="1.20.1" date="2017-06-28">
        <change>Improvements for Ark theme</change>
    </release>
    <release version="1.20.0" date="2017-06-27">
        <change>Improvements for Ark theme</change>
    </release>
    <release version="1.19.0" date="2017-05-31">
        <change>Improvements for Ark theme</change>
    </release>
    <release version="1.18.2" date="2017-05-23">
        <change>Improvements for Ark theme</change>
    </release>
    <release version="1.18.1" date="2017-05-17">
        <change>Improvements for Ark theme</change>
    </release>
    <release version="1.18.0" date="2017-05-09">
        <change>Improvements for Ark theme</change>
    </release>
    <release version="1.17.0" date="2017-04-19">
        <change>Improvements for Ark theme</change>
    </release>
    <release version="1.16.0" date="2017-04-12">
        <change>Improvements for Ark theme</change>
    </release>
    <release version="1.15.0" date="2017-03-29">
        <change>Improvements for Ark theme</change>
    </release>
    <release version="1.14.1" date="2017-03-20">
        <change>Improvements for Ark theme</change>
    </release>
    <release version="1.14.0" date="2017-03-15">
        <change>Improvements for Ark theme</change>
    </release>
    <release version="1.13.0" date="2017-03-08">
        <change>Improvements for Ark theme</change>
    </release>
    <release version="1.12.0" date="2017-03-01">
        <change>Improvements for Ark theme</change>
    </release>
    <release version="1.11.1" date="2017-02-21">
        <change>Improvements for Ark theme</change>
    </release>
    <release version="1.11.0" date="2017-02-21">
        <change>Improvements for Ark theme</change>
    </release>
    <release version="1.10.0" date="2017-02-14">
        <change>Improvements for Ark theme</change>
    </release>
    <release version="1.9.1" date="2017-02-07">
        <change>Improvements for Ark theme</change>
    </release>
    <release version="1.9.0" date="2017-02-02">
        <change>Improvements for Ark theme</change>
    </release>
    <release version="1.8.2" date="2017-01-27">
        <change>Improvements for Ark theme</change>
    </release>
    <release version="1.8.1" date="2017-01-24">
        <change>Improvements for Ark theme</change>
    </release>
    <release version="1.8.0" date="2017-01-23">
        <change>Improvements for Ark theme</change>
    </release>
    <release version="1.7.1" date="2017-01-18">
        <change>Improvements for Ark theme</change>
    </release>
    <release version="1.7.0" date="2017-01-17">
        <change>Improvements for Ark theme</change>
    </release>
    <release version="1.6.1" date="2017-01-10">
        <change>Improvements for Ark theme</change>
    </release>
    <release version="1.6.0" date="2017-01-09">
        <change>Improvements for Ark theme</change>
    </release>
    <release version="1.5.0" date="2017-01-03">
        <change>Improvements for Ark theme</change>
    </release>
    <release version="1.4.1" date="2017-01-02">
        <change>Improvements for Ark theme</change>
    </release>
    <release version="1.4.0" date="2016-12-26">
        <change>Improvements for Ark theme</change>
    </release>
    <release version="1.3.0" date="2016-12-21">
        <change>Improvements for Ark theme</change>
    </release>
    <release version="1.2.0" date="2016-12-20">
        <change>Improvements for Ark theme</change>
    </release>
    <release version="1.1.1" date="2016-12-19">
        <change>Improvements for Ark theme</change>
    </release>
    <release version="1.1.0" date="2016-12-15">
        <change>Improvements for Ark theme</change>
    </release>
    <release version="1.0.3" date="2016-12-12">
        <change>Improvements for Ark theme</change>
    </release>
    <release version="1.0.0" date="2016-05-12">
        <change>Initial release</change>
    </release>
</changelog>